{"acc": {"measurement_noise_stddev": 0.018799562217151802, "bias_random_walk_stddev": 0.0003558809338532195}, "gyro": {"measurement_noise_stddev": 0.014681427375497783, "bias_random_walk_stddev": 3.4363878193984136e-05}}